First Name,Last Name,Gender,Age,Email,Phone,City,Street Address,LAT/LON,Zip Code
Maximilian,Morris,Male,40,m.morris@randatmail.com,818-2859-01,Sevastopol,6614 Hendrerit Av.,"8.18639, -12.49104",51-444
Roman,Richardson,Male,46,r.richardson@randatmail.com,468-3506-70,Bonnyville Municipal District,762-7738 Mauris St.,"-12.20296, 76.99818",6459
Melissa,Davis,Female,44,m.davis@randatmail.com,276-3733-53,Bhusawal,9529 Interdum Road,"-50.15856, 143.84988",43400-175
Chloe,Riley,Female,44,c.riley@randatmail.com,170-6463-01,Filey,Ap #495-4062 Ligula. Road,"81.15418, -115.37035",5498
Alexander,Farrell,Male,48,a.farrell@randatmail.com,493-2432-47,San Rafael Abajo,"206-6552 Ut, Street","-78.2332, -75.63869",78710
Myra,Martin,Female,43,m.martin@randatmail.com,413-8539-84,Denpasar,"P.O. Box 715, 9371 Tristique Road","45.96775, -42.11525",2381
Mike,Turner,Male,40,m.turner@randatmail.com,390-2414-68,Bovesse,Ap #633-1863 Velit. Avenue,"-34.45003, -108.23052",96494
Olivia,Scott,Female,41,o.scott@randatmail.com,443-8036-11,Amritsar,4002 Nullam Rd.,"9.01246, -164.73499",10166
Lucia,Martin,Female,42,l.martin@randatmail.com,089-1278-88,Edmundston,"Ap #769-9600 Amet, Rd.","44.39533, -97.87962",25274
Spike,Reed,Male,46,s.reed@randatmail.com,478-5830-93,Jambes,1231 Magna Rd.,"58.3982, 6.08087",74368-593
Aida,Cole,Female,48,a.cole@randatmail.com,956-4722-13,Campomorone,663-2072 Ac Road,"-39.31309, 105.55441",95475
Martin,Sullivan,Male,41,m.sullivan@randatmail.com,118-1558-91,Kooigem,212-9187 Nec St.,"-39.37462, -167.654",31879
Arianna,Foster,Female,46,a.foster@randatmail.com,399-3847-96,Cinco Esquinas,1278 Sed Av.,"19.93808, 17.09194",6194
Penelope,Evans,Female,48,p.evans@randatmail.com,238-8053-89,Hilversum,310 Morbi Road,"-21.01947, 157.42512",777953
Grace,Parker,Female,46,g.parker@randatmail.com,046-5761-73,Zamora de Hidalgo,8793 Turpis Road,"-63.07379, -78.76183",550998
Adele,Taylor,Female,45,a.taylor@randatmail.com,379-8463-75,Frederick,2552 Amet Rd.,"74.48351, -129.26053",693790
Valeria,West,Female,45,v.west@randatmail.com,974-6337-02,Ham-sur-Heure-Nalinnes,Ap #503-8949 Auctor Rd.,"-30.11042, 59.02987",71413
Sabrina,Russell,Female,44,s.russell@randatmail.com,216-9628-20,East Kilbride,Ap #412-7413 Tristique Av.,"-39.76668, 54.78503",93142-55526
Adele,Mitchell,Female,41,a.mitchell@randatmail.com,435-3451-30,Svobodny,Ap #414-7193 Dolor. Road,"26.16852, -50.07565",Z0707
Victoria,Mitchell,Female,46,v.mitchell@randatmail.com,501-2141-16,Oaxaca,"P.O. Box 620, 1495 Amet St.","-68.53239, -111.18137",71001
Madaline,Edwards,Female,49,m.edwards@randatmail.com,598-1283-71,Monte Santa Maria Tiberina,Ap #563-6389 Elementum Rd.,"-61.95823, 52.1258",28123
Rebecca,Scott,Female,49,r.scott@randatmail.com,933-6055-46,Flint,9942 Nisi St.,"81.12698, -29.08126",45322
Joyce,Reed,Female,50,j.reed@randatmail.com,181-2008-47,Frankfort,5604 Nec Avenue,"-49.91069, 168.82338",X4A 6X6
Amber,Carroll,Female,46,a.carroll@randatmail.com,047-2239-03,South Burlington,8382 Mus. Rd.,"-48.93747, -138.15754",9080
Max,Russell,Male,40,m.russell@randatmail.com,857-0589-47,Carmen de Bolivar,6070 Gravida Rd.,"-54.66375, -4.29639",42-517
Lilianna,Barnes,Female,40,l.barnes@randatmail.com,021-6812-24,Prestatyn,399-1958 Per St.,"-16.76711, 157.63903",49557
Olivia,Wright,Female,45,o.wright@randatmail.com,026-5479-01,Weyburn,"P.O. Box 482, 6555 Feugiat Rd.","-71.03325, 139.42426",75849-145
Haris,Cunningham,Male,45,h.cunningham@randatmail.com,762-1762-42,Mold,Ap #387-939 Rhoncus. St.,"-35.33405, 135.28678",3216
Carlos,Foster,Male,43,c.foster@randatmail.com,304-1402-19,Tuluá,8571 Id Avenue,"28.93405, 47.0888",280806
Roland,Martin,Male,42,r.martin@randatmail.com,745-6656-21,Bakal,"P.O. Box 843, 3013 Montes, St.","29.11112, -132.15438",644024
Melanie,Henderson,Female,50,m.henderson@randatmail.com,866-6898-48,Newton Stewart,"P.O. Box 815, 6319 Vivamus St.","-20.92215, -21.21618",QN3 2DT
Adele,Ryan,Female,50,a.ryan@randatmail.com,913-5200-93,Baden-Baden,6574 Dictum Rd.,"36.81143, 59.34064",94761
Violet,Andrews,Female,48,v.andrews@randatmail.com,578-4087-84,Los Andes,Ap #223-4399 Semper St.,"6.88915, -32.06093",960462
Edward,Walker,Male,46,e.walker@randatmail.com,090-0938-05,Whitchurch-Stouffville,"P.O. Box 511, 4910 Nec Street","-31.36604, 151.27902",38614
Tara,Turner,Female,41,t.turner@randatmail.com,641-0683-64,Wandre,8161 Ante Road,"32.62269, -48.31504",57296
Audrey,Walker,Female,44,a.walker@randatmail.com,244-0715-76,NeuprŽ,"P.O. Box 309, 9214 Eu St.","-1.39684, 53.40471",8881
Michelle,Richardson,Female,46,m.richardson@randatmail.com,211-9633-78,Oostkerke,Ap #333-5424 Fusce Rd.,"-31.54032, -169.42444",6455
Daryl,Watson,Male,50,d.watson@randatmail.com,628-0063-88,Dyatkovo,204-8301 Duis St.,"69.86696, -115.70765",Y8X 9J3
Victoria,Johnson,Female,45,v.johnson@randatmail.com,696-3742-40,Corby,7735 Eu St.,"44.51435, -42.4983",29090
Justin,Smith,Male,46,j.smith@randatmail.com,894-3438-38,Şereflikoçhisar,253-4466 Euismod Road,"-6.07402, 129.54721",09-903
Sabrina,Warren,Female,45,s.warren@randatmail.com,752-2275-07,Serramonacesca,815 Vel Rd.,"24.01459, -156.70029",32900
Spike,Cameron,Male,49,s.cameron@randatmail.com,321-1318-95,Aubange,Ap #706-567 Turpis St.,"-80.23317, -27.49489",BV87 8FT
Alissa,Alexander,Female,50,a.alexander@randatmail.com,200-6030-36,Ashoknagar-Kalyangarh,737-4209 Eget St.,"42.85029, 157.43059",831153
Elise,Crawford,Female,44,e.crawford@randatmail.com,674-1316-99,Nyazepetrovsk,687-5412 Diam Ave,"-20.97174, 47.77139",60080
Kimberly,Phillips,Female,49,k.phillips@randatmail.com,094-7814-84,Marbaix,9095 Placerat. Road,"-42.78955, -126.26761",3506
April,Adams,Female,47,a.adams@randatmail.com,787-7293-21,Bharuch,Ap #314-2015 Duis St.,"12.14742, 166.85803",3584
Albert,Johnston,Male,45,a.johnston@randatmail.com,103-6283-09,Broxburn,"1969 Et, Street","-3.31541, -98.93151",995743
Walter,Howard,Male,50,w.howard@randatmail.com,972-4752-47,Burg,"P.O. Box 514, 9808 Non St.","58.98677, -63.90153",517176
Andrew,Hawkins,Male,47,a.hawkins@randatmail.com,702-5453-56,Baricella,Ap #594-1358 Etiam St.,"28.62998, -169.65102",547627
Belinda,Barrett,Female,40,b.barrett@randatmail.com,677-5266-98,Cleveland,772-8829 Sociis Av.,"49.62529, 93.64358",12234
Paul,Smith,Male,49,p.smith@randatmail.com,129-3541-32,Neerrepen,"P.O. Box 967, 8187 Tempor Street","64.7644, -136.45284",52145
Amy,Higgins,Female,48,a.higgins@randatmail.com,485-3161-69,Haasdonk,931-9754 Quis Rd.,"57.63963, 52.84219",Z3934
Olivia,Higgins,Female,46,o.higgins@randatmail.com,097-5349-30,Gonnosnò,"P.O. Box 487, 5798 Mattis Road","71.2749, -155.44769",9007
Garry,Kelley,Male,49,g.kelley@randatmail.com,264-5239-36,Carmen,8053 Pede Rd.,"17.60533, 35.80435",1881
Antony,Wilson,Male,44,a.wilson@randatmail.com,152-4631-36,Petrópolis,Ap #535-3746 Purus. Rd.,"-42.92419, 63.33739",5889 MZ
Lucy,Perkins,Female,41,l.perkins@randatmail.com,938-8369-84,Multan,"P.O. Box 928, 2504 Sem Ave","-25.11454, -3.56013",45288
Cherry,Wells,Female,47,c.wells@randatmail.com,382-4168-66,Forlì,189-5394 Dis Av.,"3.40757, -152.45209",Z8982
Jacob,Campbell,Male,40,j.campbell@randatmail.com,943-6523-93,El Tabo,Ap #757-9822 Pede Road,"-54.92936, -145.4279",36660
Mike,Ryan,Male,40,m.ryan@randatmail.com,006-2592-87,Lüneburg,2694 Purus Ave,"-6.32511, -39.03489",11119
Adison,Moore,Male,45,a.moore@randatmail.com,575-5683-07,Aurora,Ap #445-7459 Nunc Rd.,"-89.34109, -141.3591",371733
Albert,Edwards,Male,47,a.edwards@randatmail.com,103-3776-55,Scarborough,3366 Eu Street,"-82.09768, -13.81412",Z9142
Dexter,Mitchell,Male,44,d.mitchell@randatmail.com,901-9278-73,Kearny,504-7369 Tortor. St.,"-39.98739, -57.25776",79108
Lana,Owens,Female,40,l.owens@randatmail.com,390-1009-17,Sesto al Reghena,Ap #178-5405 Tellus. Road,"25.16649, -65.04203",06-181
Jasmine,Kelley,Female,43,j.kelley@randatmail.com,937-0277-97,Midlands,404-6035 Proin Road,"-56.17297, -82.01925",4330
Isabella,Miller,Female,43,i.miller@randatmail.com,444-6354-37,Surrey,Ap #950-5995 Quis Road,"1.49747, 106.23287",964424
Natalie,Harper,Female,44,n.harper@randatmail.com,287-3169-46,Elmshorn,"4143 Vulputate, St.","88.01445, -139.21422",51942
Dexter,Cooper,Male,43,d.cooper@randatmail.com,576-3389-78,Loughborough,"P.O. Box 261, 3840 Nunc Ave","-13.38372, 169.97225",936281
Kate,Brown,Female,41,k.brown@randatmail.com,907-8595-82,Beaumont,642-3463 Risus Rd.,"-41.34012, 96.76485",165361
Alexander,Reed,Male,40,a.reed@randatmail.com,237-3833-37,Lachine,"P.O. Box 837, 5727 Lacus. Av.","-68.00093, -91.76476",T99 8SQ
Amelia,Payne,Female,41,a.payne@randatmail.com,311-1133-19,Helkijn,"487-8383 Erat, Rd.","-26.09874, 52.421",48405-15355
Oliver,Scott,Male,47,o.scott@randatmail.com,214-3714-03,Mont-Saint-AndrŽ,"P.O. Box 978, 6364 Malesuada Rd.","-70.43979, -118.17271",1855 HI
Kelsey,Armstrong,Female,41,k.armstrong@randatmail.com,399-0018-47,Elektrougli,5056 Volutpat St.,"66.60079, -24.62828",590687
Kristian,Barnes,Male,49,k.barnes@randatmail.com,637-8524-23,Sepino,941-9207 Ante St.,"-2.36747, 170.42351",28417-06369
Dexter,Harrison,Male,50,d.harrison@randatmail.com,169-6932-21,Langford,6059 Ante St.,"-44.9437, -70.38121",76602
Natalie,Alexander,Female,48,n.alexander@randatmail.com,032-0060-89,Rangiora,6176 Justo Av.,"-87.777, -113.68381",508243
Audrey,Sullivan,Female,50,a.sullivan@randatmail.com,865-7220-95,Zevekote,"Ap #406-7710 At, Street","26.13295, -101.16655",85063
Alen,Brown,Male,41,a.brown@randatmail.com,105-3280-24,Gresham,Ap #441-9451 Cras Rd.,"85.77212, -14.51741",70908
Daryl,Spencer,Male,44,d.spencer@randatmail.com,441-4347-11,Telfs,"Ap #519-1710 Enim, Av.","-11.27994, -126.04279",5664
Amber,Barnes,Female,47,a.barnes@randatmail.com,806-1505-80,Whitewater Region Township,"6429 Elit, Av.","46.10977, 139.63768",65348
Heather,Cameron,Female,42,h.cameron@randatmail.com,152-2805-04,Dyatkovo,"Ap #718-1742 Montes, Road","-82.91355, -89.764",60310
Henry,Edwards,Male,48,h.edwards@randatmail.com,133-2810-71,Erli,3828 In Avenue,"-45.86446, -128.92193",5923
Mike,Montgomery,Male,43,m.montgomery@randatmail.com,974-9343-04,Santa Fiora,"P.O. Box 809, 5547 Et, Rd.","-81.82909, 54.76269",Z6983
Vanessa,Grant,Female,40,v.grant@randatmail.com,940-9450-94,Ekeren,"P.O. Box 682, 9241 Nunc Street","51.1239, -138.95773",389898
Julia,Riley,Female,48,j.riley@randatmail.com,667-8959-90,Iqaluit,Ap #699-6418 Dui. Ave,"80.57551, -57.18564",Z2928
Brooke,Alexander,Female,48,b.alexander@randatmail.com,224-1508-18,Banda Aceh,7119 Tempus St.,"-18.96916, 118.85746",62474
Paul,Gibson,Male,47,p.gibson@randatmail.com,585-3082-32,Piegaro,"326-1419 In, St.","-63.3648, 96.2526",37756
Natalie,Morrison,Female,44,n.morrison@randatmail.com,458-1292-59,Getafe,Ap #683-5573 Mus. Rd.,"23.96722, 34.54819",67657
Edwin,Clark,Male,46,e.clark@randatmail.com,409-6463-40,Jonqui�re,Ap #773-7724 Mauris Road,"51.28032, 1.50159",21006
Kelvin,Hall,Male,45,k.hall@randatmail.com,927-1158-84,Gatchina,188-9899 Dui. Rd.,"82.69179, 84.09588",307610
Adrian,Robinson,Male,49,a.robinson@randatmail.com,050-8930-90,São Luís,974-4861 Ad Avenue,"-54.5337, -153.54561",4721 NF
Kelsey,Chapman,Female,50,k.chapman@randatmail.com,838-8542-79,Trazegnies,982 Orci Road,"76.46779, -65.79435",57273
Sawyer,Williams,Male,45,s.williams@randatmail.com,750-7057-27,Independence,Ap #397-3826 Sem Ave,"6.718, -3.01065",96350
Daryl,Wright,Male,50,d.wright@randatmail.com,856-4670-63,Starodub,Ap #448-6522 Mollis Road,"-16.92217, 52.16073",60719
Darcy,Andrews,Female,44,d.andrews@randatmail.com,775-9608-83,Yeovil,"P.O. Box 625, 2680 Aliquet, Av.","70.00671, 17.10415",58384
Stella,Walker,Female,42,s.walker@randatmail.com,090-4311-84,Raymond,498-1562 Sed Rd.,"-49.43261, 14.77264",422
Nicole,Carter,Female,45,n.carter@randatmail.com,077-2460-04,Salles,"P.O. Box 612, 5022 Et Ave","23.59281, -163.03605",65519
Alexia,Clark,Female,40,a.clark@randatmail.com,361-8879-90,Pellizzano,215-7890 Nunc Avenue,"59.17133, -137.87533",377939
Oscar,Hunt,Male,44,o.hunt@randatmail.com,781-8149-40,Zelzate,Ap #190-4416 Aliquet Avenue,"-2.62444, -168.48993",81-050
Nicholas,Mitchell,Male,46,n.mitchell@randatmail.com,669-1995-12,Bellevue,Ap #736-8426 Ridiculus Road,"-12.72372, -120.79781",34112
Alberta,Turner,Female,44,a.turner@randatmail.com,905-4021-39,Zerba,Ap #383-1780 Lacus. Rd.,"-82.0741, 175.69033",670116
Garry,Perkins,Male,48,g.perkins@randatmail.com,869-0331-20,San Francisco,Ap #700-1269 Donec Rd.,"-76.05496, -76.92366",14658-56877
Miller,Henderson,Male,47,m.henderson@randatmail.com,993-0378-87,Pogliano Milanese,"P.O. Box 879, 8820 Duis Avenue","-19.64516, 27.64367",797469
Patrick,West,Male,40,p.west@randatmail.com,468-7234-58,Remagne,Ap #980-4808 Sociis Rd.,"-27.37319, -70.17688",29079
Agata,Gray,Female,46,a.gray@randatmail.com,969-6268-55,Landeck,Ap #164-7153 Libero. St.,"-88.49503, -51.78833",363802
Brad,Riley,Male,43,b.riley@randatmail.com,514-4580-74,Castelseprio,"P.O. Box 794, 3317 Turpis Avenue","-45.71957, -99.93408",2496 ZU
Madaline,Carter,Female,43,m.carter@randatmail.com,272-1461-91,Rocky Mountain House,693-8835 Nunc Avenue,"-87.08959, -147.07412",59636
Spike,Bennett,Male,50,s.bennett@randatmail.com,345-0393-36,Noduwez,529-9700 Erat Avenue,"-63.05371, 71.97748",12299
Caroline,Lloyd,Female,42,c.lloyd@randatmail.com,441-7548-01,Antalya,Ap #377-9600 Sagittis. Street,"70.70825, 84.67045",83629
Michelle,Henderson,Female,43,m.henderson@randatmail.com,787-2164-95,Pontedera,Ap #374-6325 Nulla. Rd.,"-78.95266, 22.38718",817427
Ellia,Myers,Female,48,e.myers@randatmail.com,254-8333-86,Ereğli,"P.O. Box 397, 2135 Eros Avenue","-64.0387, -35.39313",58818
Jack,Kelley,Male,47,j.kelley@randatmail.com,556-4500-26,Hall in Tirol,"P.O. Box 545, 9978 Gravida. Av.","-70.09491, -15.67335",6015
Jacob,Williams,Male,45,j.williams@randatmail.com,076-8210-85,Lamorteau,Ap #523-5418 Ut St.,"-84.79552, 137.31532",G5 8AQ
Sienna,Barnes,Female,46,s.barnes@randatmail.com,279-6007-88,Ripacandida,2696 Imperdiet Rd.,"-67.28283, 109.43893",8311
Alexia,Hunt,Female,46,a.hunt@randatmail.com,746-8024-49,Ludvika,5426 Nunc Ave,"7.96118, 110.53083",70594
Sofia,Mason,Female,41,s.mason@randatmail.com,841-8554-34,Braies/Prags,"P.O. Box 759, 5475 Urna. St.","-69.29779, -64.12319",259128
Harold,Morrison,Male,43,h.morrison@randatmail.com,610-3558-59,Nelson,Ap #500-2059 A St.,"-32.04312, -105.01847",634710
Sydney,Ross,Female,44,s.ross@randatmail.com,572-5490-18,WagnelŽe,3210 Egestas. Av.,"69.4443, -25.56135",309101
Arthur,Howard,Male,49,a.howard@randatmail.com,382-0461-54,Jupille-sur-Meuse,"Ap #115-2503 Auctor, Road","-25.20128, -127.87988",31948
David,Brooks,Male,50,d.brooks@randatmail.com,496-8194-46,Piotrków Trybunalski,5025 Cras St.,"45.82893, -34.78929",9931
Michelle,Ryan,Female,46,m.ryan@randatmail.com,640-3227-16,Pettoranello del Molise,"P.O. Box 748, 2771 Ut Rd.","-69.07911, 63.20882",50109
Emma,Gibson,Female,50,e.gibson@randatmail.com,923-0521-47,Southaven,4364 Integer Ave,"44.53797, 55.02462",3971
Elian,Nelson,Male,47,e.nelson@randatmail.com,854-9654-76,Codognè,"P.O. Box 694, 904 Phasellus St.","-85.56055, 9.55239",23687-084
Lilianna,Murphy,Female,47,l.murphy@randatmail.com,820-1061-97,Tauranga,5650 Aliquet Rd.,"-61.47524, 129.23929",66739
Alfred,Bailey,Male,44,a.bailey@randatmail.com,462-5738-82,Felitto,"Ap #293-8908 Elit, Rd.","58.60607, -11.71285",66976-74598
Bruce,Henderson,Male,40,b.henderson@randatmail.com,122-0096-86,Völkermarkt,251-5081 Lacus. Avenue,"17.8058, -82.62825",30741
Deanna,Richardson,Female,45,d.richardson@randatmail.com,055-4106-44,Fontenoille,"P.O. Box 751, 2476 Volutpat Av.","-55.55907, 125.50999",0412 BX
Alissa,Evans,Female,46,a.evans@randatmail.com,230-9096-12,Nieuwenrode,741-6568 Nam Rd.,"64.01004, 175.8115",259596
Vanessa,Craig,Female,49,v.craig@randatmail.com,232-2896-78,Kollam,"P.O. Box 247, 3515 Quam. Ave","-3.71664, -110.13776",645318
Jared,Owens,Male,41,j.owens@randatmail.com,341-2613-82,Tiruppur,723-8130 Tristique Ave,"11.11107, 103.69917",M3H 6L6
Jenna,Harper,Female,42,j.harper@randatmail.com,226-5891-89,Cottbus,Ap #461-8974 Lectus St.,"34.82903, -172.66872",16211
Madaline,Barrett,Female,40,m.barrett@randatmail.com,695-8728-47,Coldstream,Ap #326-9805 Enim. Av.,"26.47118, -167.70009",885176
Marcus,Bailey,Male,41,m.bailey@randatmail.com,446-3083-19,Moga,"P.O. Box 607, 7843 Dolor St.","35.48864, 68.70315",2298
Kirsten,Armstrong,Female,46,k.armstrong@randatmail.com,318-0524-07,Gelbressee,9616 Non Rd.,"-54.2478, -75.8086",82912
Freddie,Barrett,Male,44,f.barrett@randatmail.com,463-5193-92,Oostkerke,"P.O. Box 730, 5859 Consequat Avenue","-23.64703, 172.69067",2754
Alexander,Scott,Male,47,a.scott@randatmail.com,429-0508-56,Paz de Ariporo,Ap #383-9012 Ullamcorper Av.,"74.45845, -122.49207",2989
Tony,Brooks,Male,47,t.brooks@randatmail.com,340-3534-81,Nieuwegein,266-8432 Dui. Avenue,"20.06263, -122.5594",56053-240
Melanie,Riley,Female,47,m.riley@randatmail.com,614-6435-87,Batiscan,"P.O. Box 680, 2306 Tellus. Avenue","-23.09996, 106.28015",22875
Jacob,Hamilton,Male,49,j.hamilton@randatmail.com,232-7718-88,Cobourg,196-5569 Vehicula. Street,"-71.40825, 7.20766",7888 OG
Roman,Kelley,Male,50,r.kelley@randatmail.com,644-3683-08,Rio de Janeiro,"P.O. Box 810, 9071 Phasellus Rd.","53.73919, 74.99153",QG9 3IH
Carl,Tucker,Male,41,c.tucker@randatmail.com,676-2768-66,Quemchi,2631 Aliquam St.,"-25.26244, 62.93926",59465
Miller,Kelly,Male,50,m.kelly@randatmail.com,329-7361-36,Filot,Ap #958-2523 Dolor Street,"6.03492, -63.45581",95308
Melanie,Foster,Female,48,m.foster@randatmail.com,255-2943-48,Los Angeles,Ap #561-9702 Semper. Rd.,"85.15013, 13.90499",7151
Tara,Elliott,Female,47,t.elliott@randatmail.com,345-0491-34,Peumo,"172-1287 Urna, Ave","-65.94967, 137.95438",677578
Melanie,Parker,Female,47,m.parker@randatmail.com,402-1634-36,Pike Creek,328-9651 Dui St.,"85.54397, -157.59965",275917
Hailey,Martin,Female,40,h.martin@randatmail.com,807-2468-85,Idaho Falls,5476 Facilisis. St.,"37.60966, -151.52256",Z4014
Stuart,Edwards,Male,40,s.edwards@randatmail.com,018-7485-96,Campobasso,739-7934 Laoreet Avenue,"13.06533, 71.34049",74-783
Thomas,Richards,Male,47,t.richards@randatmail.com,116-0529-75,Gyeongju,199-2333 Odio. Rd.,"69.97351, 124.0505",984308
Natalie,Ellis,Female,48,n.ellis@randatmail.com,329-4161-78,Chiusa/Klausen,9777 Nibh. Street,"33.03083, 32.64307",Z9522
Fenton,Barnes,Male,47,f.barnes@randatmail.com,152-1570-45,Mastung,"P.O. Box 656, 6812 Est Rd.","46.91325, -131.12756",16699
Lilianna,Ross,Female,44,l.ross@randatmail.com,451-9371-09,Baubau,"P.O. Box 337, 1658 Odio Avenue","-46.85921, -21.87981",383388
Paul,Davis,Male,48,p.davis@randatmail.com,986-4386-48,Lac La Biche County,119-2337 Suspendisse St.,"1.12946, -48.25958",11972
Honey,Warren,Female,44,h.warren@randatmail.com,602-8502-40,Saintes,"P.O. Box 788, 9366 Libero. Road","-39.18237, -0.37356",12628
Sam,Douglas,Male,44,s.douglas@randatmail.com,097-2656-44,Verrebroek,Ap #118-4849 Nullam Rd.,"-22.31115, 151.59443",28-858
Kevin,Ryan,Male,41,k.ryan@randatmail.com,014-4164-77,Flushing,Ap #843-7168 Ridiculus Road,"-51.76664, -120.50338",168935
Eric,Sullivan,Male,41,e.sullivan@randatmail.com,469-5341-92,Zolder,8189 Amet Rd.,"-38.28336, 47.90522",60746-303
Carlos,West,Male,48,c.west@randatmail.com,950-7133-45,Gloucester,"Ap #815-8552 Vel, Rd.","7.84765, 20.13136",68684
Isabella,Bailey,Female,41,i.bailey@randatmail.com,870-9098-51,Armstrong,"P.O. Box 462, 4357 Lorem, St.","-10.78518, -20.00326",42528
Kristian,Williams,Male,43,k.williams@randatmail.com,847-6031-11,Buizingen,Ap #246-2661 Praesent St.,"-83.90118, 178.93567",4556
Garry,Thompson,Male,49,g.thompson@randatmail.com,041-6005-22,Lambayeque,1438 Bibendum. Street,"69.03058, -89.99063",358706
Dainton,Thomas,Male,47,d.thomas@randatmail.com,450-6289-05,Brucargo,"P.O. Box 281, 5568 Eu Ave","-4.28769, -96.97564",49647
April,Reed,Female,46,a.reed@randatmail.com,894-5019-66,Atlanta,Ap #748-9934 Sit Road,"75.10985, -2.46683",4378
Sarah,Hall,Female,49,s.hall@randatmail.com,918-4428-04,Moga,4880 Consectetuer Road,"77.69944, -147.7209",27800-209
Lucia,Spencer,Female,44,l.spencer@randatmail.com,976-9648-18,Torella del Sannio,"748-5893 At, Ave","84.96253, -35.63423",28058
Amber,Davis,Female,50,a.davis@randatmail.com,678-6451-02,Windsor,2643 Tincidunt St.,"50.19567, 158.95068",5432
Maria,Walker,Female,46,m.walker@randatmail.com,555-5405-87,Sellia Marina,"Ap #629-588 Non, Rd.","54.93157, 92.74814",5526
Sydney,Harris,Female,44,s.harris@randatmail.com,143-9886-23,Ethe,596-3200 Metus. St.,"-72.23771, -13.77773",12537
Julian,Ellis,Male,42,j.ellis@randatmail.com,589-4581-82,Chaitén,"P.O. Box 178, 7618 Quis St.","-36.34638, -18.45562",3876 OE
Brianna,Lloyd,Female,40,b.lloyd@randatmail.com,087-8826-58,Sommethonne,Ap #248-9288 Ut Ave,"-17.63214, 176.6911",36284
Stella,Bennett,Female,50,s.bennett@randatmail.com,384-2515-89,Buckingham,Ap #341-5077 Est Street,"45.73204, 163.65441",0258 ZR
Sabrina,Evans,Female,43,s.evans@randatmail.com,694-9306-69,PiŽtrain,"P.O. Box 414, 591 Duis Ave","-33.97159, 139.75473",79986-92165
Catherine,Evans,Female,47,c.evans@randatmail.com,895-8775-59,Rves,993-1620 Nulla Ave,"-63.61714, 19.12698",2860
Albert,Campbell,Male,46,a.campbell@randatmail.com,522-6284-12,Assen,Ap #411-7551 Dapibus Av.,"-89.26668, -71.02134",26546
Michael,Montgomery,Male,40,m.montgomery@randatmail.com,168-9927-48,Campli,5307 Malesuada Street,"40.53876, 21.75594",25278-09831
Alexia,Taylor,Female,43,a.taylor@randatmail.com,981-7156-49,Tongue,"P.O. Box 528, 2592 Facilisis Avenue","-23.00585, 25.02343",R3 1GE
Byron,Grant,Male,46,b.grant@randatmail.com,173-3276-61,Fairbanks,Ap #381-4867 Ac Av.,"2.64793, 169.11462",87944-064
Victor,Harris,Male,42,v.harris@randatmail.com,210-1986-24,Münster,Ap #482-111 Placerat. Road,"-40.3568, -133.0979",44821
Roland,Thompson,Male,46,r.thompson@randatmail.com,450-1333-89,Sogliano Cavour,"P.O. Box 958, 1111 Integer Ave","-26.46152, -121.95466",560767
Alford,Anderson,Male,41,a.anderson@randatmail.com,063-5885-81,Alto Hospicio,Ap #601-7117 Venenatis St.,"54.4993, -175.40213",8448
Alexander,Roberts,Male,50,a.roberts@randatmail.com,466-4142-53,Aliano,9967 In Ave,"66.53284, -68.90518",913506
Caroline,Harrison,Female,50,c.harrison@randatmail.com,042-6557-06,New Haven,155-5995 Non Ave,"33.88552, 20.3688",28365
Alan,Scott,Male,42,a.scott@randatmail.com,648-5468-52,Cerchio,Ap #968-9737 Cum Street,"-28.91585, -112.72497",8555
Kirsten,Harrison,Female,46,k.harrison@randatmail.com,262-0224-20,Arles,"P.O. Box 239, 6911 Tincidunt Av.","-61.81678, -104.75559",64999
Tess,Ryan,Female,44,t.ryan@randatmail.com,350-8112-69,Tofield,671-7266 Libero Rd.,"34.17593, 111.1376",332747
Adrian,Murray,Male,46,a.murray@randatmail.com,009-9398-15,Cagli,140-1366 Arcu Av.,"-53.60513, -89.3718",4691 GJ
Ada,Ferguson,Female,45,a.ferguson@randatmail.com,073-0531-60,Solvychegodsk,200-5887 Vestibulum. Av.,"67.93036, -118.87465",IV4J 3PA
Victoria,Payne,Female,41,v.payne@randatmail.com,641-4203-09,Albacete,"P.O. Box 257, 5834 Vitae, Rd.","-43.25022, -33.39082",20604
Tyler,Dixon,Male,41,t.dixon@randatmail.com,834-6300-09,Cantley,456-8550 Erat Rd.,"46.26909, 77.23343",24901
Jared,West,Male,49,j.west@randatmail.com,285-1635-08,Lens-Saint-Remy,392-1927 Vivamus Rd.,"1.76625, 60.14076",2772
Cadie,Carroll,Female,50,c.carroll@randatmail.com,710-6132-56,Seloignes,756-5287 Lorem St.,"41.85692, 18.17841",104121
Maya,Henderson,Female,50,m.henderson@randatmail.com,635-7646-40,Awaran,"P.O. Box 945, 7654 Malesuada Ave","-71.35326, -115.58921",62326
Lucy,Murray,Female,50,l.murray@randatmail.com,575-1063-54,Chapra,Ap #231-8833 Fames Road,"-62.78115, -99.53707",L9E 4C2
Lyndon,Myers,Male,46,l.myers@randatmail.com,046-7016-04,Vespolate,"P.O. Box 105, 2966 Nisl Avenue","32.81247, -95.6621",5109 FF
Oliver,Chapman,Male,41,o.chapman@randatmail.com,754-6506-25,Wilhelmshaven,Ap #175-6033 Felis Ave,"-14.58812, -35.13749",29264
Darcy,Cooper,Female,44,d.cooper@randatmail.com,071-3531-50,Tuscaloosa,8023 Libero Ave,"66.81247, 95.05365",7637
Violet,Stewart,Female,49,v.stewart@randatmail.com,983-6012-78,Miramichi,"622-5795 Luctus, Ave","61.74799, -88.02611",2617
Dale,Myers,Male,42,d.myers@randatmail.com,764-8721-20,Hugli-Chinsurah,Ap #907-8812 Sed St.,"-15.93638, 150.43514",2206
Evelyn,Perry,Female,45,e.perry@randatmail.com,485-7672-44,Ozyory,"P.O. Box 718, 9453 Suspendisse Ave","54.61332, -72.94483",10197
Sophia,Riley,Female,41,s.riley@randatmail.com,531-8572-10,Dworp,6802 Non Street,"61.81387, 117.05839",7486
Darcy,Johnston,Female,41,d.johnston@randatmail.com,963-6532-69,Meeffe,"358-6095 Eu, Avenue","-20.24052, -125.94663",7657
Adam,Foster,Male,40,a.foster@randatmail.com,354-7398-12,Kington,3979 Vehicula Ave,"-81.27152, -152.52305",76531
