"1","Lenny","Montgomery","Male","l.montgomery@randatmail.com","461-1598-67","P.O. Box 246, 125 Mauris Ave","40","5060","Route Marshal","B0109","S0023"
"2","Sawyer","Thomas","Male","s.thomas@randatmail.com","466-4119-17","Ap #525-8083 Sem, Street","48","6110","Route Marshal","B0109","S0023"
"3","Alexia","Cooper","Female","a.cooper@randatmail.com","233-6459-12","973-1996 Ac Road","46","5731","Route Marshal","B0109","S0023"
"4","Maddie","Foster","Female","m.foster@randatmail.com","643-1617-67","904 Tortor, Av.","46","7441","Route Marshal","B0109","S0012"
"5","Sydney","Brown","Female","s.brown@randatmail.com","989-0066-96","Ap #317-4753 Cursus Av.","44","6013","Route Marshal","B0109","S0012"
"6","Ryan","Rogers","Male","r.rogers@randatmail.com","112-5587-31","P.O. Box 705, 2838 Lorem Av.","46","2520","Route Marshal","B0109","S0012"
"7","Ashton","Brooks","Male","a.brooks@randatmail.com","615-9325-27","657 Sed Av.","45","1031","Route Marshal","B0109","S0012"
"8","Michael","Cameron","Male","m.cameron@randatmail.com","383-9810-25","615-6915 Donec Road","42","6566","Route Marshal","B0109","S0012"
"9","Amber","Phillips","Female","a.phillips@randatmail.com","140-9327-63","8534 Fusce Road","49","5250","Service Manager","B0109","nan"
"10","Kellan","Stewart","Male","k.stewart@randatmail.com","344-8053-22","6499 Fringilla Rd.","46","7609","Service Manager","B0109","S0012"
"11","Byron","Myers","Male","b.myers@randatmail.com","451-3525-20","260-8332 Eros Rd.","46","4859","Human Resources","B0109","nan"
"12","Daryl","Harris","Male","d.harris@randatmail.com","514-8785-50","P.O. Box 478, 1472 Iaculis St.","41","9634","Data Analyst","B0109","nan"
